Poland	University of Wroclaw	Anadi	MicGor	yarek
United Kindgom	University of Cambridge	_h_	zdolna_kaczka	kpw29
Poland	University of Warsaw	tabasz	znirzej	shadowatyy
Ukraine	Kharkiv National University of Radio Electronics	BigBag	Mustang98	shanin
Serbia	Faculty of Computer Science, Belgrade	Pajaraja	milisav	allllekssssa
Croatia	Univeristy of Zagreb	jklepec	paulica	mkisic
Spain	Universitat Politècnica de Catalunya	cescmentation_folch	metatron	JordiR
Romania	University of Bucharest	bicsi	theodor.moroianu	livlivi
Poland	Jagiellonian University of Krakow	teapotd	Piurko	trabbbart
Switzerland	ETH Zürich	please_delete_account	YaoBIG	randomusername
Netherlands	Utrecht University	SmileyCraft	Jorke	Freek
Netherlands	Leiden University	ludo	pimsp	Reinier
France	École Polytechnique	ngkan	cheater2k	Labo
Jordan	PSUT	Motarack	Hiasat	Dark
Egypt	AAST	Noureldin	mahmoudbadawy	Yousry
Egypt	FCIS ASU	compiler_101	Error_404	XsliferX
Egypt	FCAI — Cairo	OsamaFathy	omar22	alimagde
Egypt	Alexandria University, Faculty of Engineering	Evro	FIawIess	Mohammed_Badawi
Egypt	German University in Cairo	ZeyadKhattab	Nesrin	mennafadali
Syria	SVU	Salim_Shebli	Zaher	Adel_SaadEddin
Syria	Al-Baath University	Al-Merreikh	SyrianTony	_Mugiwara_
Syria	Damascus University	Oxygen.	Bsher	abdalkader-s
China	Tsinghua University	sunset	fateice	whzzt
China	Nanjing University	gisp_zjz	zyb	AceSrc
China	Zhejiang University	Heltion	zhangqingqi	lyk248289469
China	Zhongshan (Sun Yat-sen) University	liyang21	8300590	FrostStar
China	Shanghai Jiao Tong University	sunsiyu	lezdzh	__stdcall
China	Shandong University	sdcgvhgj	RUSH_D_CAT	F0_0H
China	East China Normal University	Xiejiadong	MZTR1999	Kilo_5723
China	Shanghai University	2014CAIS01	SuperSodaSea	ybmj
China	Fuzhou University	fblogy	YuanyuanWu	jslijin
China	University of Electronic Science and Technology of China	JHSN	Nijigasaki_MaedaKaori	QYitong
China	China University of Mining & Technology	cumt_fyj971217	JY_Poi	STLW_
Japan	University of Tokyo	yutaka1999	HIR180	yokozuna57
South Korea	Seoul National University	molamola.	ainta	tlwpdus
Taiwan	National Chiao Tung University	hank55663	FISHTOBY	samsam2310
Japan	Kyoto University	heno239	tempura0224	yamunaku
South Korea	Korea University	SoulTch	evenharder	SUDAL
Taiwan	National Taiwan University	waynetuinfor	edisonhello	skylinebaby
Indonesia	Universitas Indonesia	yogahmad77	yusufsholeh	DigiM
Vietnam	University of Engineering and Technology VNU	ngfam	unk2001	minhtung04042001
Indonesia	Bina Nusantara University	rapel	malfple	nirvana
South Korea	KAIST	jihoon	DongwonShin	epicure
New Zealand	University of Auckland	UoA_ZQC	sammochen	limbo.null
South Korea	Yonsei University	Juno	kukul	pinebananais
Philippines	Ateneo de Manila University	Shisuko	TheLostCookie	leloykun
India	IIT Roorkee	amnesiac_dusk	piyushsethia1999	aniket9465
Iran	Sharif University of Technology	ToTLeS	Navick	ITDOI
India	IIIT Delhi	cerberus97	aayush9	knandy
India	IIT Kanpur	yashChandnani	gravito12345	anayMehrotra
Bangladesh	BUET	Anachor	Arg_007	_Ash__
Iran	Amirkabir University Of Technology	Arpa	amsen	Man
India	IIIT Hyderabad	codelegend	devanshg27	Superty
Bangladesh	University of Dhaka	Alpha_Q	s_h_shahin	sajibreadd
India	IIT Kharagpur	nitixkrai	fsociety00	ACraider
India	IIT Indore	kr_abhinav	kalpitk	Vicennial
India	IIT BHU	_shanky	hitman623	Enigma27
India	IIT Delhi	kal013	smartnj	hkyiitd
India	IIT Bombay	zeyunow	tusg25	TheOneYouWant
Brazil	UFPE	GabrielPessoa	ffern	beza
Brazil	USP	arthur.nascimento	nonsequitur	kobus
Mexico	ESCOM-IPN	Marckess	begv	alaneos777
Brazil	UnB	Nson	Lius	Veras
Argentina	Universidad de Buenos Aires — FCEN	reedef	CodigoL	Heibor
Mexico	FC-UNAM	Ari	victoralm	paquechee
Cuba	University of Havana	Devil	marcOS	albeXL
Peru	Universidad Nacional de Ingeniería — FC	racsosabe	Bashca	Valgt
Brazil	UFMG	brunomont	rafaelgo2	Paniago
Chile	Universidad de Chile	KKOOPP	Marinkovic	AngrySeal
Colombia	Universidad Nacional de Colombia	ahoraSoyPeor	JhonnyZaz	-osdajigu-
Argentina	Universidad Nacional de Córdoba — FaMAF	MateoCV	SebaMarin	MarcosK
Venezuela	Universidad Simón Bolívar	CrazyDiamond	totito	JoTaR
Mexico	ITSUR	sggutier	OrlandoIsay	Thanya_Leif
Cuba	Universidad de Oriente — Sede Antonio Maceo	yordanlp	WillMA	MJason
Brazil	USP-SC	tubone	GabrielCamargo	gsoares
USA	Massachusetts Institute of Technology	Benq	sqrtdecompton	C_SUNSHINE
USA	Georgia Institute of Technology	xyz2606	animeshf	akaiNeko
Canada	University of Waterloo	Reyna	FatalEagle	wleung_bvg
USA	Harvard University	ekzhang	Franklyn_W	pbt17
USA	Purdue University	Kuroni	1-gon	strongoier
USA	University of Illinois at Urbana-Champaign	yhchang3	Suzukaze	I_love_simplespy
USA	Swarthmore College	Geothermal	nitrousoxide	silxi
USA	University of Wisconsin-Madison	RobeZH	top34051	bvd
USA	University of Central Florida	SecondThread	Harpae	Ahmad
Canada	U British Columbia	paulll	davidberard	.rem
USA	Cornell University	aaaaajack	Chilli	daggertye
USA	University of Texas at Austin	LamoreauxAJ	vamaddur	B0r0m1r
Canada	McGill University	wwdd	Bera	trungams
USA	Carnegie Mellon University	Gilwall	WhaleVomit	PlasmaVortex
USA	New York University	foreseeable	Lalatina	adp527
USA	California Institute of Technology	ThePtrocanfer	vlchen888	majesticfish
Russia	Nizhny Novgorod SU	Um_nik	KAN	Ekler
Russia	MIPT	Golovanov399	amethyst0	AndreySergunin
Russia	Moscow SU	ch_egor	SendThemToHell	Andreikkaa
Belarus	Belarusian State University	kefaa2	gepardo	Fedosik
Russia	HSE	isaf27	voidmax	manoprenko
Russia	SPb ITMO	kraborak	cdkrot	Nebuchadnezzar
Russia	SPb SU	Dmitriy.Belichenko	Semenar	dargelirli
Latvia	University of Latvia	Alex_2oo8	how_to_become_purple	Sanja
Russia	SPb HSE	egor_bb	Nikitosh	IgorL
Russia	Innopolis Univeristy	Farhod_Farmon	the_art_of_war	kolkulator
Russia	Saratov SU	awoo	vovuh	Neon
Russia	Kazan FU	lessmeaning	AcidWrongGod	Ferume
Armenia	Yerevan SU	_LeMur_	hamlet	Khazhak
Belarus	Belarusian State University of Informatics and Radioelectronics	Qwertenx	wilcot	Vladik
Kazakhstan	IITU	aibark	Scayre	KlRIESHKA
Belarus	Belarusian National Technical University	Ancient_mage	shef_2318	vitux
